"","gene filter","feature selection","biomarker size","classification"
"model_1","mad (fraction = 0.25)","SAM","size selection (size = 5)","lda"
"model_2","mad (fraction = 0.25)","SAM","size selection (size = 5)","random forest"
"model_3","mad (fraction = 0.25)","SAM","size selection (size = 5)","naive bayes"
"model_4","mad (fraction = 0.25)","SAM","size selection (size = 5)","knn"
"model_5","mad (fraction = 0.25)","SAM","size selection (size = 5)","svm"
"model_6","mad (fraction = 0.25)","SAM","size selection (size = 5)","weighted voting"
"model_7","mad (fraction = 0.25)","SAM","size selection (size = 5)","elastic net"
"model_8","mad (fraction = 0.25)","SAM","size selection (size = 25)","lda"
"model_9","mad (fraction = 0.25)","SAM","size selection (size = 25)","random forest"
"model_10","mad (fraction = 0.25)","SAM","size selection (size = 25)","naive bayes"
"model_11","mad (fraction = 0.25)","SAM","size selection (size = 25)","knn"
"model_12","mad (fraction = 0.25)","SAM","size selection (size = 25)","svm"
"model_13","mad (fraction = 0.25)","SAM","size selection (size = 25)","weighted voting"
"model_14","mad (fraction = 0.25)","SAM","size selection (size = 25)","elastic net"
"model_15","mad (fraction = 0.25)","SAM","size selection (size = 50)","lda"
"model_16","mad (fraction = 0.25)","SAM","size selection (size = 50)","random forest"
"model_17","mad (fraction = 0.25)","SAM","size selection (size = 50)","naive bayes"
"model_18","mad (fraction = 0.25)","SAM","size selection (size = 50)","knn"
"model_19","mad (fraction = 0.25)","SAM","size selection (size = 50)","svm"
"model_20","mad (fraction = 0.25)","SAM","size selection (size = 50)","weighted voting"
"model_21","mad (fraction = 0.25)","SAM","size selection (size = 50)","elastic net"
"model_22","mad (fraction = 0.25)","SAM","size selection (size = 100)","lda"
"model_23","mad (fraction = 0.25)","SAM","size selection (size = 100)","random forest"
"model_24","mad (fraction = 0.25)","SAM","size selection (size = 100)","naive bayes"
"model_25","mad (fraction = 0.25)","SAM","size selection (size = 100)","knn"
"model_26","mad (fraction = 0.25)","SAM","size selection (size = 100)","svm"
"model_27","mad (fraction = 0.25)","SAM","size selection (size = 100)","weighted voting"
"model_28","mad (fraction = 0.25)","SAM","size selection (size = 100)","elastic net"
"model_29","mad (fraction = 0.25)","SAM","size selection (size = 200)","lda"
"model_30","mad (fraction = 0.25)","SAM","size selection (size = 200)","random forest"
"model_31","mad (fraction = 0.25)","SAM","size selection (size = 200)","naive bayes"
"model_32","mad (fraction = 0.25)","SAM","size selection (size = 200)","knn"
"model_33","mad (fraction = 0.25)","SAM","size selection (size = 200)","svm"
"model_34","mad (fraction = 0.25)","SAM","size selection (size = 200)","weighted voting"
"model_35","mad (fraction = 0.25)","SAM","size selection (size = 200)","elastic net"
"model_36","mad (fraction = 0.25)","SAM","size selection (size = 500)","lda"
"model_37","mad (fraction = 0.25)","SAM","size selection (size = 500)","random forest"
"model_38","mad (fraction = 0.25)","SAM","size selection (size = 500)","naive bayes"
"model_39","mad (fraction = 0.25)","SAM","size selection (size = 500)","knn"
"model_40","mad (fraction = 0.25)","SAM","size selection (size = 500)","svm"
"model_41","mad (fraction = 0.25)","SAM","size selection (size = 500)","weighted voting"
"model_42","mad (fraction = 0.25)","SAM","size selection (size = 500)","elastic net"
"model_43","mad (fraction = 0.25)","FC + P","size selection (size = 5)","lda"
"model_44","mad (fraction = 0.25)","FC + P","size selection (size = 5)","random forest"
"model_45","mad (fraction = 0.25)","FC + P","size selection (size = 5)","naive bayes"
"model_46","mad (fraction = 0.25)","FC + P","size selection (size = 5)","knn"
"model_47","mad (fraction = 0.25)","FC + P","size selection (size = 5)","svm"
"model_48","mad (fraction = 0.25)","FC + P","size selection (size = 5)","weighted voting"
"model_49","mad (fraction = 0.25)","FC + P","size selection (size = 5)","elastic net"
"model_50","mad (fraction = 0.25)","FC + P","size selection (size = 25)","lda"
"model_51","mad (fraction = 0.25)","FC + P","size selection (size = 25)","random forest"
"model_52","mad (fraction = 0.25)","FC + P","size selection (size = 25)","naive bayes"
"model_53","mad (fraction = 0.25)","FC + P","size selection (size = 25)","knn"
"model_54","mad (fraction = 0.25)","FC + P","size selection (size = 25)","svm"
"model_55","mad (fraction = 0.25)","FC + P","size selection (size = 25)","weighted voting"
"model_56","mad (fraction = 0.25)","FC + P","size selection (size = 25)","elastic net"
"model_57","mad (fraction = 0.25)","FC + P","size selection (size = 50)","lda"
"model_58","mad (fraction = 0.25)","FC + P","size selection (size = 50)","random forest"
"model_59","mad (fraction = 0.25)","FC + P","size selection (size = 50)","naive bayes"
"model_60","mad (fraction = 0.25)","FC + P","size selection (size = 50)","knn"
"model_61","mad (fraction = 0.25)","FC + P","size selection (size = 50)","svm"
"model_62","mad (fraction = 0.25)","FC + P","size selection (size = 50)","weighted voting"
"model_63","mad (fraction = 0.25)","FC + P","size selection (size = 50)","elastic net"
"model_64","mad (fraction = 0.25)","FC + P","size selection (size = 100)","lda"
"model_65","mad (fraction = 0.25)","FC + P","size selection (size = 100)","random forest"
"model_66","mad (fraction = 0.25)","FC + P","size selection (size = 100)","naive bayes"
"model_67","mad (fraction = 0.25)","FC + P","size selection (size = 100)","knn"
"model_68","mad (fraction = 0.25)","FC + P","size selection (size = 100)","svm"
"model_69","mad (fraction = 0.25)","FC + P","size selection (size = 100)","weighted voting"
"model_70","mad (fraction = 0.25)","FC + P","size selection (size = 100)","elastic net"
"model_71","mad (fraction = 0.25)","FC + P","size selection (size = 200)","lda"
"model_72","mad (fraction = 0.25)","FC + P","size selection (size = 200)","random forest"
"model_73","mad (fraction = 0.25)","FC + P","size selection (size = 200)","naive bayes"
"model_74","mad (fraction = 0.25)","FC + P","size selection (size = 200)","knn"
"model_75","mad (fraction = 0.25)","FC + P","size selection (size = 200)","svm"
"model_76","mad (fraction = 0.25)","FC + P","size selection (size = 200)","weighted voting"
"model_77","mad (fraction = 0.25)","FC + P","size selection (size = 200)","elastic net"
"model_78","mad (fraction = 0.25)","FC + P","size selection (size = 500)","lda"
"model_79","mad (fraction = 0.25)","FC + P","size selection (size = 500)","random forest"
"model_80","mad (fraction = 0.25)","FC + P","size selection (size = 500)","naive bayes"
"model_81","mad (fraction = 0.25)","FC + P","size selection (size = 500)","knn"
"model_82","mad (fraction = 0.25)","FC + P","size selection (size = 500)","svm"
"model_83","mad (fraction = 0.25)","FC + P","size selection (size = 500)","weighted voting"
"model_84","mad (fraction = 0.25)","FC + P","size selection (size = 500)","elastic net"
"model_85","mad (fraction = 0.25)","t-test","size selection (size = 5)","lda"
"model_86","mad (fraction = 0.25)","t-test","size selection (size = 5)","random forest"
"model_87","mad (fraction = 0.25)","t-test","size selection (size = 5)","naive bayes"
"model_88","mad (fraction = 0.25)","t-test","size selection (size = 5)","knn"
"model_89","mad (fraction = 0.25)","t-test","size selection (size = 5)","svm"
"model_90","mad (fraction = 0.25)","t-test","size selection (size = 5)","weighted voting"
"model_91","mad (fraction = 0.25)","t-test","size selection (size = 5)","elastic net"
"model_92","mad (fraction = 0.25)","t-test","size selection (size = 25)","lda"
"model_93","mad (fraction = 0.25)","t-test","size selection (size = 25)","random forest"
"model_94","mad (fraction = 0.25)","t-test","size selection (size = 25)","naive bayes"
"model_95","mad (fraction = 0.25)","t-test","size selection (size = 25)","knn"
"model_96","mad (fraction = 0.25)","t-test","size selection (size = 25)","svm"
"model_97","mad (fraction = 0.25)","t-test","size selection (size = 25)","weighted voting"
"model_98","mad (fraction = 0.25)","t-test","size selection (size = 25)","elastic net"
"model_99","mad (fraction = 0.25)","t-test","size selection (size = 50)","lda"
"model_100","mad (fraction = 0.25)","t-test","size selection (size = 50)","random forest"
"model_101","mad (fraction = 0.25)","t-test","size selection (size = 50)","naive bayes"
"model_102","mad (fraction = 0.25)","t-test","size selection (size = 50)","knn"
"model_103","mad (fraction = 0.25)","t-test","size selection (size = 50)","svm"
"model_104","mad (fraction = 0.25)","t-test","size selection (size = 50)","weighted voting"
"model_105","mad (fraction = 0.25)","t-test","size selection (size = 50)","elastic net"
"model_106","mad (fraction = 0.25)","t-test","size selection (size = 100)","lda"
"model_107","mad (fraction = 0.25)","t-test","size selection (size = 100)","random forest"
"model_108","mad (fraction = 0.25)","t-test","size selection (size = 100)","naive bayes"
"model_109","mad (fraction = 0.25)","t-test","size selection (size = 100)","knn"
"model_110","mad (fraction = 0.25)","t-test","size selection (size = 100)","svm"
"model_111","mad (fraction = 0.25)","t-test","size selection (size = 100)","weighted voting"
"model_112","mad (fraction = 0.25)","t-test","size selection (size = 100)","elastic net"
"model_113","mad (fraction = 0.25)","t-test","size selection (size = 200)","lda"
"model_114","mad (fraction = 0.25)","t-test","size selection (size = 200)","random forest"
"model_115","mad (fraction = 0.25)","t-test","size selection (size = 200)","naive bayes"
"model_116","mad (fraction = 0.25)","t-test","size selection (size = 200)","knn"
"model_117","mad (fraction = 0.25)","t-test","size selection (size = 200)","svm"
"model_118","mad (fraction = 0.25)","t-test","size selection (size = 200)","weighted voting"
"model_119","mad (fraction = 0.25)","t-test","size selection (size = 200)","elastic net"
"model_120","mad (fraction = 0.25)","t-test","size selection (size = 500)","lda"
"model_121","mad (fraction = 0.25)","t-test","size selection (size = 500)","random forest"
"model_122","mad (fraction = 0.25)","t-test","size selection (size = 500)","naive bayes"
"model_123","mad (fraction = 0.25)","t-test","size selection (size = 500)","knn"
"model_124","mad (fraction = 0.25)","t-test","size selection (size = 500)","svm"
"model_125","mad (fraction = 0.25)","t-test","size selection (size = 500)","weighted voting"
"model_126","mad (fraction = 0.25)","t-test","size selection (size = 500)","elastic net"
"model_127","mad (fraction = 0.25)","pAUC","size selection (size = 5)","lda"
"model_128","mad (fraction = 0.25)","pAUC","size selection (size = 5)","random forest"
"model_129","mad (fraction = 0.25)","pAUC","size selection (size = 5)","naive bayes"
"model_130","mad (fraction = 0.25)","pAUC","size selection (size = 5)","knn"
"model_131","mad (fraction = 0.25)","pAUC","size selection (size = 5)","svm"
"model_132","mad (fraction = 0.25)","pAUC","size selection (size = 5)","weighted voting"
"model_133","mad (fraction = 0.25)","pAUC","size selection (size = 5)","elastic net"
"model_134","mad (fraction = 0.25)","pAUC","size selection (size = 25)","lda"
"model_135","mad (fraction = 0.25)","pAUC","size selection (size = 25)","random forest"
"model_136","mad (fraction = 0.25)","pAUC","size selection (size = 25)","naive bayes"
"model_137","mad (fraction = 0.25)","pAUC","size selection (size = 25)","knn"
"model_138","mad (fraction = 0.25)","pAUC","size selection (size = 25)","svm"
"model_139","mad (fraction = 0.25)","pAUC","size selection (size = 25)","weighted voting"
"model_140","mad (fraction = 0.25)","pAUC","size selection (size = 25)","elastic net"
"model_141","mad (fraction = 0.25)","pAUC","size selection (size = 50)","lda"
"model_142","mad (fraction = 0.25)","pAUC","size selection (size = 50)","random forest"
"model_143","mad (fraction = 0.25)","pAUC","size selection (size = 50)","naive bayes"
"model_144","mad (fraction = 0.25)","pAUC","size selection (size = 50)","knn"
"model_145","mad (fraction = 0.25)","pAUC","size selection (size = 50)","svm"
"model_146","mad (fraction = 0.25)","pAUC","size selection (size = 50)","weighted voting"
"model_147","mad (fraction = 0.25)","pAUC","size selection (size = 50)","elastic net"
"model_148","mad (fraction = 0.25)","pAUC","size selection (size = 100)","lda"
"model_149","mad (fraction = 0.25)","pAUC","size selection (size = 100)","random forest"
"model_150","mad (fraction = 0.25)","pAUC","size selection (size = 100)","naive bayes"
"model_151","mad (fraction = 0.25)","pAUC","size selection (size = 100)","knn"
"model_152","mad (fraction = 0.25)","pAUC","size selection (size = 100)","svm"
"model_153","mad (fraction = 0.25)","pAUC","size selection (size = 100)","weighted voting"
"model_154","mad (fraction = 0.25)","pAUC","size selection (size = 100)","elastic net"
"model_155","mad (fraction = 0.25)","pAUC","size selection (size = 200)","lda"
"model_156","mad (fraction = 0.25)","pAUC","size selection (size = 200)","random forest"
"model_157","mad (fraction = 0.25)","pAUC","size selection (size = 200)","naive bayes"
"model_158","mad (fraction = 0.25)","pAUC","size selection (size = 200)","knn"
"model_159","mad (fraction = 0.25)","pAUC","size selection (size = 200)","svm"
"model_160","mad (fraction = 0.25)","pAUC","size selection (size = 200)","weighted voting"
"model_161","mad (fraction = 0.25)","pAUC","size selection (size = 200)","elastic net"
"model_162","mad (fraction = 0.25)","pAUC","size selection (size = 500)","lda"
"model_163","mad (fraction = 0.25)","pAUC","size selection (size = 500)","random forest"
"model_164","mad (fraction = 0.25)","pAUC","size selection (size = 500)","naive bayes"
"model_165","mad (fraction = 0.25)","pAUC","size selection (size = 500)","knn"
"model_166","mad (fraction = 0.25)","pAUC","size selection (size = 500)","svm"
"model_167","mad (fraction = 0.25)","pAUC","size selection (size = 500)","weighted voting"
"model_168","mad (fraction = 0.25)","pAUC","size selection (size = 500)","elastic net"
"model_169","mad (fraction = 0.25)","signal-to-noise","size selection (size = 5)","lda"
"model_170","mad (fraction = 0.25)","signal-to-noise","size selection (size = 5)","random forest"
"model_171","mad (fraction = 0.25)","signal-to-noise","size selection (size = 5)","naive bayes"
"model_172","mad (fraction = 0.25)","signal-to-noise","size selection (size = 5)","knn"
"model_173","mad (fraction = 0.25)","signal-to-noise","size selection (size = 5)","svm"
"model_174","mad (fraction = 0.25)","signal-to-noise","size selection (size = 5)","weighted voting"
"model_175","mad (fraction = 0.25)","signal-to-noise","size selection (size = 5)","elastic net"
"model_176","mad (fraction = 0.25)","signal-to-noise","size selection (size = 25)","lda"
"model_177","mad (fraction = 0.25)","signal-to-noise","size selection (size = 25)","random forest"
"model_178","mad (fraction = 0.25)","signal-to-noise","size selection (size = 25)","naive bayes"
"model_179","mad (fraction = 0.25)","signal-to-noise","size selection (size = 25)","knn"
"model_180","mad (fraction = 0.25)","signal-to-noise","size selection (size = 25)","svm"
"model_181","mad (fraction = 0.25)","signal-to-noise","size selection (size = 25)","weighted voting"
"model_182","mad (fraction = 0.25)","signal-to-noise","size selection (size = 25)","elastic net"
"model_183","mad (fraction = 0.25)","signal-to-noise","size selection (size = 50)","lda"
"model_184","mad (fraction = 0.25)","signal-to-noise","size selection (size = 50)","random forest"
"model_185","mad (fraction = 0.25)","signal-to-noise","size selection (size = 50)","naive bayes"
"model_186","mad (fraction = 0.25)","signal-to-noise","size selection (size = 50)","knn"
"model_187","mad (fraction = 0.25)","signal-to-noise","size selection (size = 50)","svm"
"model_188","mad (fraction = 0.25)","signal-to-noise","size selection (size = 50)","weighted voting"
"model_189","mad (fraction = 0.25)","signal-to-noise","size selection (size = 50)","elastic net"
"model_190","mad (fraction = 0.25)","signal-to-noise","size selection (size = 100)","lda"
"model_191","mad (fraction = 0.25)","signal-to-noise","size selection (size = 100)","random forest"
"model_192","mad (fraction = 0.25)","signal-to-noise","size selection (size = 100)","naive bayes"
"model_193","mad (fraction = 0.25)","signal-to-noise","size selection (size = 100)","knn"
"model_194","mad (fraction = 0.25)","signal-to-noise","size selection (size = 100)","svm"
"model_195","mad (fraction = 0.25)","signal-to-noise","size selection (size = 100)","weighted voting"
"model_196","mad (fraction = 0.25)","signal-to-noise","size selection (size = 100)","elastic net"
"model_197","mad (fraction = 0.25)","signal-to-noise","size selection (size = 200)","lda"
"model_198","mad (fraction = 0.25)","signal-to-noise","size selection (size = 200)","random forest"
"model_199","mad (fraction = 0.25)","signal-to-noise","size selection (size = 200)","naive bayes"
"model_200","mad (fraction = 0.25)","signal-to-noise","size selection (size = 200)","knn"
"model_201","mad (fraction = 0.25)","signal-to-noise","size selection (size = 200)","svm"
"model_202","mad (fraction = 0.25)","signal-to-noise","size selection (size = 200)","weighted voting"
"model_203","mad (fraction = 0.25)","signal-to-noise","size selection (size = 200)","elastic net"
"model_204","mad (fraction = 0.25)","signal-to-noise","size selection (size = 500)","lda"
"model_205","mad (fraction = 0.25)","signal-to-noise","size selection (size = 500)","random forest"
"model_206","mad (fraction = 0.25)","signal-to-noise","size selection (size = 500)","naive bayes"
"model_207","mad (fraction = 0.25)","signal-to-noise","size selection (size = 500)","knn"
"model_208","mad (fraction = 0.25)","signal-to-noise","size selection (size = 500)","svm"
"model_209","mad (fraction = 0.25)","signal-to-noise","size selection (size = 500)","weighted voting"
"model_210","mad (fraction = 0.25)","signal-to-noise","size selection (size = 500)","elastic net"
"model_211","mad (fraction = 0.5)","SAM","size selection (size = 5)","lda"
"model_212","mad (fraction = 0.5)","SAM","size selection (size = 5)","random forest"
"model_213","mad (fraction = 0.5)","SAM","size selection (size = 5)","naive bayes"
"model_214","mad (fraction = 0.5)","SAM","size selection (size = 5)","knn"
"model_215","mad (fraction = 0.5)","SAM","size selection (size = 5)","svm"
"model_216","mad (fraction = 0.5)","SAM","size selection (size = 5)","weighted voting"
"model_217","mad (fraction = 0.5)","SAM","size selection (size = 5)","elastic net"
"model_218","mad (fraction = 0.5)","SAM","size selection (size = 25)","lda"
"model_219","mad (fraction = 0.5)","SAM","size selection (size = 25)","random forest"
"model_220","mad (fraction = 0.5)","SAM","size selection (size = 25)","naive bayes"
"model_221","mad (fraction = 0.5)","SAM","size selection (size = 25)","knn"
"model_222","mad (fraction = 0.5)","SAM","size selection (size = 25)","svm"
"model_223","mad (fraction = 0.5)","SAM","size selection (size = 25)","weighted voting"
"model_224","mad (fraction = 0.5)","SAM","size selection (size = 25)","elastic net"
"model_225","mad (fraction = 0.5)","SAM","size selection (size = 50)","lda"
"model_226","mad (fraction = 0.5)","SAM","size selection (size = 50)","random forest"
"model_227","mad (fraction = 0.5)","SAM","size selection (size = 50)","naive bayes"
"model_228","mad (fraction = 0.5)","SAM","size selection (size = 50)","knn"
"model_229","mad (fraction = 0.5)","SAM","size selection (size = 50)","svm"
"model_230","mad (fraction = 0.5)","SAM","size selection (size = 50)","weighted voting"
"model_231","mad (fraction = 0.5)","SAM","size selection (size = 50)","elastic net"
"model_232","mad (fraction = 0.5)","SAM","size selection (size = 100)","lda"
"model_233","mad (fraction = 0.5)","SAM","size selection (size = 100)","random forest"
"model_234","mad (fraction = 0.5)","SAM","size selection (size = 100)","naive bayes"
"model_235","mad (fraction = 0.5)","SAM","size selection (size = 100)","knn"
"model_236","mad (fraction = 0.5)","SAM","size selection (size = 100)","svm"
"model_237","mad (fraction = 0.5)","SAM","size selection (size = 100)","weighted voting"
"model_238","mad (fraction = 0.5)","SAM","size selection (size = 100)","elastic net"
"model_239","mad (fraction = 0.5)","SAM","size selection (size = 200)","lda"
"model_240","mad (fraction = 0.5)","SAM","size selection (size = 200)","random forest"
"model_241","mad (fraction = 0.5)","SAM","size selection (size = 200)","naive bayes"
"model_242","mad (fraction = 0.5)","SAM","size selection (size = 200)","knn"
"model_243","mad (fraction = 0.5)","SAM","size selection (size = 200)","svm"
"model_244","mad (fraction = 0.5)","SAM","size selection (size = 200)","weighted voting"
"model_245","mad (fraction = 0.5)","SAM","size selection (size = 200)","elastic net"
"model_246","mad (fraction = 0.5)","SAM","size selection (size = 500)","lda"
"model_247","mad (fraction = 0.5)","SAM","size selection (size = 500)","random forest"
"model_248","mad (fraction = 0.5)","SAM","size selection (size = 500)","naive bayes"
"model_249","mad (fraction = 0.5)","SAM","size selection (size = 500)","knn"
"model_250","mad (fraction = 0.5)","SAM","size selection (size = 500)","svm"
"model_251","mad (fraction = 0.5)","SAM","size selection (size = 500)","weighted voting"
"model_252","mad (fraction = 0.5)","SAM","size selection (size = 500)","elastic net"
"model_253","mad (fraction = 0.5)","FC + P","size selection (size = 5)","lda"
"model_254","mad (fraction = 0.5)","FC + P","size selection (size = 5)","random forest"
"model_255","mad (fraction = 0.5)","FC + P","size selection (size = 5)","naive bayes"
"model_256","mad (fraction = 0.5)","FC + P","size selection (size = 5)","knn"
"model_257","mad (fraction = 0.5)","FC + P","size selection (size = 5)","svm"
"model_258","mad (fraction = 0.5)","FC + P","size selection (size = 5)","weighted voting"
"model_259","mad (fraction = 0.5)","FC + P","size selection (size = 5)","elastic net"
"model_260","mad (fraction = 0.5)","FC + P","size selection (size = 25)","lda"
"model_261","mad (fraction = 0.5)","FC + P","size selection (size = 25)","random forest"
"model_262","mad (fraction = 0.5)","FC + P","size selection (size = 25)","naive bayes"
"model_263","mad (fraction = 0.5)","FC + P","size selection (size = 25)","knn"
"model_264","mad (fraction = 0.5)","FC + P","size selection (size = 25)","svm"
"model_265","mad (fraction = 0.5)","FC + P","size selection (size = 25)","weighted voting"
"model_266","mad (fraction = 0.5)","FC + P","size selection (size = 25)","elastic net"
"model_267","mad (fraction = 0.5)","FC + P","size selection (size = 50)","lda"
"model_268","mad (fraction = 0.5)","FC + P","size selection (size = 50)","random forest"
"model_269","mad (fraction = 0.5)","FC + P","size selection (size = 50)","naive bayes"
"model_270","mad (fraction = 0.5)","FC + P","size selection (size = 50)","knn"
"model_271","mad (fraction = 0.5)","FC + P","size selection (size = 50)","svm"
"model_272","mad (fraction = 0.5)","FC + P","size selection (size = 50)","weighted voting"
"model_273","mad (fraction = 0.5)","FC + P","size selection (size = 50)","elastic net"
"model_274","mad (fraction = 0.5)","FC + P","size selection (size = 100)","lda"
"model_275","mad (fraction = 0.5)","FC + P","size selection (size = 100)","random forest"
"model_276","mad (fraction = 0.5)","FC + P","size selection (size = 100)","naive bayes"
"model_277","mad (fraction = 0.5)","FC + P","size selection (size = 100)","knn"
"model_278","mad (fraction = 0.5)","FC + P","size selection (size = 100)","svm"
"model_279","mad (fraction = 0.5)","FC + P","size selection (size = 100)","weighted voting"
"model_280","mad (fraction = 0.5)","FC + P","size selection (size = 100)","elastic net"
"model_281","mad (fraction = 0.5)","FC + P","size selection (size = 200)","lda"
"model_282","mad (fraction = 0.5)","FC + P","size selection (size = 200)","random forest"
"model_283","mad (fraction = 0.5)","FC + P","size selection (size = 200)","naive bayes"
"model_284","mad (fraction = 0.5)","FC + P","size selection (size = 200)","knn"
"model_285","mad (fraction = 0.5)","FC + P","size selection (size = 200)","svm"
"model_286","mad (fraction = 0.5)","FC + P","size selection (size = 200)","weighted voting"
"model_287","mad (fraction = 0.5)","FC + P","size selection (size = 200)","elastic net"
"model_288","mad (fraction = 0.5)","FC + P","size selection (size = 500)","lda"
"model_289","mad (fraction = 0.5)","FC + P","size selection (size = 500)","random forest"
"model_290","mad (fraction = 0.5)","FC + P","size selection (size = 500)","naive bayes"
"model_291","mad (fraction = 0.5)","FC + P","size selection (size = 500)","knn"
"model_292","mad (fraction = 0.5)","FC + P","size selection (size = 500)","svm"
"model_293","mad (fraction = 0.5)","FC + P","size selection (size = 500)","weighted voting"
"model_294","mad (fraction = 0.5)","FC + P","size selection (size = 500)","elastic net"
"model_295","mad (fraction = 0.5)","t-test","size selection (size = 5)","lda"
"model_296","mad (fraction = 0.5)","t-test","size selection (size = 5)","random forest"
"model_297","mad (fraction = 0.5)","t-test","size selection (size = 5)","naive bayes"
"model_298","mad (fraction = 0.5)","t-test","size selection (size = 5)","knn"
"model_299","mad (fraction = 0.5)","t-test","size selection (size = 5)","svm"
"model_300","mad (fraction = 0.5)","t-test","size selection (size = 5)","weighted voting"
"model_301","mad (fraction = 0.5)","t-test","size selection (size = 5)","elastic net"
"model_302","mad (fraction = 0.5)","t-test","size selection (size = 25)","lda"
"model_303","mad (fraction = 0.5)","t-test","size selection (size = 25)","random forest"
"model_304","mad (fraction = 0.5)","t-test","size selection (size = 25)","naive bayes"
"model_305","mad (fraction = 0.5)","t-test","size selection (size = 25)","knn"
"model_306","mad (fraction = 0.5)","t-test","size selection (size = 25)","svm"
"model_307","mad (fraction = 0.5)","t-test","size selection (size = 25)","weighted voting"
"model_308","mad (fraction = 0.5)","t-test","size selection (size = 25)","elastic net"
"model_309","mad (fraction = 0.5)","t-test","size selection (size = 50)","lda"
"model_310","mad (fraction = 0.5)","t-test","size selection (size = 50)","random forest"
"model_311","mad (fraction = 0.5)","t-test","size selection (size = 50)","naive bayes"
"model_312","mad (fraction = 0.5)","t-test","size selection (size = 50)","knn"
"model_313","mad (fraction = 0.5)","t-test","size selection (size = 50)","svm"
"model_314","mad (fraction = 0.5)","t-test","size selection (size = 50)","weighted voting"
"model_315","mad (fraction = 0.5)","t-test","size selection (size = 50)","elastic net"
"model_316","mad (fraction = 0.5)","t-test","size selection (size = 100)","lda"
"model_317","mad (fraction = 0.5)","t-test","size selection (size = 100)","random forest"
"model_318","mad (fraction = 0.5)","t-test","size selection (size = 100)","naive bayes"
"model_319","mad (fraction = 0.5)","t-test","size selection (size = 100)","knn"
"model_320","mad (fraction = 0.5)","t-test","size selection (size = 100)","svm"
"model_321","mad (fraction = 0.5)","t-test","size selection (size = 100)","weighted voting"
"model_322","mad (fraction = 0.5)","t-test","size selection (size = 100)","elastic net"
"model_323","mad (fraction = 0.5)","t-test","size selection (size = 200)","lda"
"model_324","mad (fraction = 0.5)","t-test","size selection (size = 200)","random forest"
"model_325","mad (fraction = 0.5)","t-test","size selection (size = 200)","naive bayes"
"model_326","mad (fraction = 0.5)","t-test","size selection (size = 200)","knn"
"model_327","mad (fraction = 0.5)","t-test","size selection (size = 200)","svm"
"model_328","mad (fraction = 0.5)","t-test","size selection (size = 200)","weighted voting"
"model_329","mad (fraction = 0.5)","t-test","size selection (size = 200)","elastic net"
"model_330","mad (fraction = 0.5)","t-test","size selection (size = 500)","lda"
"model_331","mad (fraction = 0.5)","t-test","size selection (size = 500)","random forest"
"model_332","mad (fraction = 0.5)","t-test","size selection (size = 500)","naive bayes"
"model_333","mad (fraction = 0.5)","t-test","size selection (size = 500)","knn"
"model_334","mad (fraction = 0.5)","t-test","size selection (size = 500)","svm"
"model_335","mad (fraction = 0.5)","t-test","size selection (size = 500)","weighted voting"
"model_336","mad (fraction = 0.5)","t-test","size selection (size = 500)","elastic net"
"model_337","mad (fraction = 0.5)","pAUC","size selection (size = 5)","lda"
"model_338","mad (fraction = 0.5)","pAUC","size selection (size = 5)","random forest"
"model_339","mad (fraction = 0.5)","pAUC","size selection (size = 5)","naive bayes"
"model_340","mad (fraction = 0.5)","pAUC","size selection (size = 5)","knn"
"model_341","mad (fraction = 0.5)","pAUC","size selection (size = 5)","svm"
"model_342","mad (fraction = 0.5)","pAUC","size selection (size = 5)","weighted voting"
"model_343","mad (fraction = 0.5)","pAUC","size selection (size = 5)","elastic net"
"model_344","mad (fraction = 0.5)","pAUC","size selection (size = 25)","lda"
"model_345","mad (fraction = 0.5)","pAUC","size selection (size = 25)","random forest"
"model_346","mad (fraction = 0.5)","pAUC","size selection (size = 25)","naive bayes"
"model_347","mad (fraction = 0.5)","pAUC","size selection (size = 25)","knn"
"model_348","mad (fraction = 0.5)","pAUC","size selection (size = 25)","svm"
"model_349","mad (fraction = 0.5)","pAUC","size selection (size = 25)","weighted voting"
"model_350","mad (fraction = 0.5)","pAUC","size selection (size = 25)","elastic net"
"model_351","mad (fraction = 0.5)","pAUC","size selection (size = 50)","lda"
"model_352","mad (fraction = 0.5)","pAUC","size selection (size = 50)","random forest"
"model_353","mad (fraction = 0.5)","pAUC","size selection (size = 50)","naive bayes"
"model_354","mad (fraction = 0.5)","pAUC","size selection (size = 50)","knn"
"model_355","mad (fraction = 0.5)","pAUC","size selection (size = 50)","svm"
"model_356","mad (fraction = 0.5)","pAUC","size selection (size = 50)","weighted voting"
"model_357","mad (fraction = 0.5)","pAUC","size selection (size = 50)","elastic net"
"model_358","mad (fraction = 0.5)","pAUC","size selection (size = 100)","lda"
"model_359","mad (fraction = 0.5)","pAUC","size selection (size = 100)","random forest"
"model_360","mad (fraction = 0.5)","pAUC","size selection (size = 100)","naive bayes"
"model_361","mad (fraction = 0.5)","pAUC","size selection (size = 100)","knn"
"model_362","mad (fraction = 0.5)","pAUC","size selection (size = 100)","svm"
"model_363","mad (fraction = 0.5)","pAUC","size selection (size = 100)","weighted voting"
"model_364","mad (fraction = 0.5)","pAUC","size selection (size = 100)","elastic net"
"model_365","mad (fraction = 0.5)","pAUC","size selection (size = 200)","lda"
"model_366","mad (fraction = 0.5)","pAUC","size selection (size = 200)","random forest"
"model_367","mad (fraction = 0.5)","pAUC","size selection (size = 200)","naive bayes"
"model_368","mad (fraction = 0.5)","pAUC","size selection (size = 200)","knn"
"model_369","mad (fraction = 0.5)","pAUC","size selection (size = 200)","svm"
"model_370","mad (fraction = 0.5)","pAUC","size selection (size = 200)","weighted voting"
"model_371","mad (fraction = 0.5)","pAUC","size selection (size = 200)","elastic net"
"model_372","mad (fraction = 0.5)","pAUC","size selection (size = 500)","lda"
"model_373","mad (fraction = 0.5)","pAUC","size selection (size = 500)","random forest"
"model_374","mad (fraction = 0.5)","pAUC","size selection (size = 500)","naive bayes"
"model_375","mad (fraction = 0.5)","pAUC","size selection (size = 500)","knn"
"model_376","mad (fraction = 0.5)","pAUC","size selection (size = 500)","svm"
"model_377","mad (fraction = 0.5)","pAUC","size selection (size = 500)","weighted voting"
"model_378","mad (fraction = 0.5)","pAUC","size selection (size = 500)","elastic net"
"model_379","mad (fraction = 0.5)","signal-to-noise","size selection (size = 5)","lda"
"model_380","mad (fraction = 0.5)","signal-to-noise","size selection (size = 5)","random forest"
"model_381","mad (fraction = 0.5)","signal-to-noise","size selection (size = 5)","naive bayes"
"model_382","mad (fraction = 0.5)","signal-to-noise","size selection (size = 5)","knn"
"model_383","mad (fraction = 0.5)","signal-to-noise","size selection (size = 5)","svm"
"model_384","mad (fraction = 0.5)","signal-to-noise","size selection (size = 5)","weighted voting"
"model_385","mad (fraction = 0.5)","signal-to-noise","size selection (size = 5)","elastic net"
"model_386","mad (fraction = 0.5)","signal-to-noise","size selection (size = 25)","lda"
"model_387","mad (fraction = 0.5)","signal-to-noise","size selection (size = 25)","random forest"
"model_388","mad (fraction = 0.5)","signal-to-noise","size selection (size = 25)","naive bayes"
"model_389","mad (fraction = 0.5)","signal-to-noise","size selection (size = 25)","knn"
"model_390","mad (fraction = 0.5)","signal-to-noise","size selection (size = 25)","svm"
"model_391","mad (fraction = 0.5)","signal-to-noise","size selection (size = 25)","weighted voting"
"model_392","mad (fraction = 0.5)","signal-to-noise","size selection (size = 25)","elastic net"
"model_393","mad (fraction = 0.5)","signal-to-noise","size selection (size = 50)","lda"
"model_394","mad (fraction = 0.5)","signal-to-noise","size selection (size = 50)","random forest"
"model_395","mad (fraction = 0.5)","signal-to-noise","size selection (size = 50)","naive bayes"
"model_396","mad (fraction = 0.5)","signal-to-noise","size selection (size = 50)","knn"
"model_397","mad (fraction = 0.5)","signal-to-noise","size selection (size = 50)","svm"
"model_398","mad (fraction = 0.5)","signal-to-noise","size selection (size = 50)","weighted voting"
"model_399","mad (fraction = 0.5)","signal-to-noise","size selection (size = 50)","elastic net"
"model_400","mad (fraction = 0.5)","signal-to-noise","size selection (size = 100)","lda"
"model_401","mad (fraction = 0.5)","signal-to-noise","size selection (size = 100)","random forest"
"model_402","mad (fraction = 0.5)","signal-to-noise","size selection (size = 100)","naive bayes"
"model_403","mad (fraction = 0.5)","signal-to-noise","size selection (size = 100)","knn"
"model_404","mad (fraction = 0.5)","signal-to-noise","size selection (size = 100)","svm"
"model_405","mad (fraction = 0.5)","signal-to-noise","size selection (size = 100)","weighted voting"
"model_406","mad (fraction = 0.5)","signal-to-noise","size selection (size = 100)","elastic net"
"model_407","mad (fraction = 0.5)","signal-to-noise","size selection (size = 200)","lda"
"model_408","mad (fraction = 0.5)","signal-to-noise","size selection (size = 200)","random forest"
"model_409","mad (fraction = 0.5)","signal-to-noise","size selection (size = 200)","naive bayes"
"model_410","mad (fraction = 0.5)","signal-to-noise","size selection (size = 200)","knn"
"model_411","mad (fraction = 0.5)","signal-to-noise","size selection (size = 200)","svm"
"model_412","mad (fraction = 0.5)","signal-to-noise","size selection (size = 200)","weighted voting"
"model_413","mad (fraction = 0.5)","signal-to-noise","size selection (size = 200)","elastic net"
"model_414","mad (fraction = 0.5)","signal-to-noise","size selection (size = 500)","lda"
"model_415","mad (fraction = 0.5)","signal-to-noise","size selection (size = 500)","random forest"
"model_416","mad (fraction = 0.5)","signal-to-noise","size selection (size = 500)","naive bayes"
"model_417","mad (fraction = 0.5)","signal-to-noise","size selection (size = 500)","knn"
"model_418","mad (fraction = 0.5)","signal-to-noise","size selection (size = 500)","svm"
"model_419","mad (fraction = 0.5)","signal-to-noise","size selection (size = 500)","weighted voting"
"model_420","mad (fraction = 0.5)","signal-to-noise","size selection (size = 500)","elastic net"
"model_421","mad (fraction = 0.75)","SAM","size selection (size = 5)","lda"
"model_422","mad (fraction = 0.75)","SAM","size selection (size = 5)","random forest"
"model_423","mad (fraction = 0.75)","SAM","size selection (size = 5)","naive bayes"
"model_424","mad (fraction = 0.75)","SAM","size selection (size = 5)","knn"
"model_425","mad (fraction = 0.75)","SAM","size selection (size = 5)","svm"
"model_426","mad (fraction = 0.75)","SAM","size selection (size = 5)","weighted voting"
"model_427","mad (fraction = 0.75)","SAM","size selection (size = 5)","elastic net"
"model_428","mad (fraction = 0.75)","SAM","size selection (size = 25)","lda"
"model_429","mad (fraction = 0.75)","SAM","size selection (size = 25)","random forest"
"model_430","mad (fraction = 0.75)","SAM","size selection (size = 25)","naive bayes"
"model_431","mad (fraction = 0.75)","SAM","size selection (size = 25)","knn"
"model_432","mad (fraction = 0.75)","SAM","size selection (size = 25)","svm"
"model_433","mad (fraction = 0.75)","SAM","size selection (size = 25)","weighted voting"
"model_434","mad (fraction = 0.75)","SAM","size selection (size = 25)","elastic net"
"model_435","mad (fraction = 0.75)","SAM","size selection (size = 50)","lda"
"model_436","mad (fraction = 0.75)","SAM","size selection (size = 50)","random forest"
"model_437","mad (fraction = 0.75)","SAM","size selection (size = 50)","naive bayes"
"model_438","mad (fraction = 0.75)","SAM","size selection (size = 50)","knn"
"model_439","mad (fraction = 0.75)","SAM","size selection (size = 50)","svm"
"model_440","mad (fraction = 0.75)","SAM","size selection (size = 50)","weighted voting"
"model_441","mad (fraction = 0.75)","SAM","size selection (size = 50)","elastic net"
"model_442","mad (fraction = 0.75)","SAM","size selection (size = 100)","lda"
"model_443","mad (fraction = 0.75)","SAM","size selection (size = 100)","random forest"
"model_444","mad (fraction = 0.75)","SAM","size selection (size = 100)","naive bayes"
"model_445","mad (fraction = 0.75)","SAM","size selection (size = 100)","knn"
"model_446","mad (fraction = 0.75)","SAM","size selection (size = 100)","svm"
"model_447","mad (fraction = 0.75)","SAM","size selection (size = 100)","weighted voting"
"model_448","mad (fraction = 0.75)","SAM","size selection (size = 100)","elastic net"
"model_449","mad (fraction = 0.75)","SAM","size selection (size = 200)","lda"
"model_450","mad (fraction = 0.75)","SAM","size selection (size = 200)","random forest"
"model_451","mad (fraction = 0.75)","SAM","size selection (size = 200)","naive bayes"
"model_452","mad (fraction = 0.75)","SAM","size selection (size = 200)","knn"
"model_453","mad (fraction = 0.75)","SAM","size selection (size = 200)","svm"
"model_454","mad (fraction = 0.75)","SAM","size selection (size = 200)","weighted voting"
"model_455","mad (fraction = 0.75)","SAM","size selection (size = 200)","elastic net"
"model_456","mad (fraction = 0.75)","SAM","size selection (size = 500)","lda"
"model_457","mad (fraction = 0.75)","SAM","size selection (size = 500)","random forest"
"model_458","mad (fraction = 0.75)","SAM","size selection (size = 500)","naive bayes"
"model_459","mad (fraction = 0.75)","SAM","size selection (size = 500)","knn"
"model_460","mad (fraction = 0.75)","SAM","size selection (size = 500)","svm"
"model_461","mad (fraction = 0.75)","SAM","size selection (size = 500)","weighted voting"
"model_462","mad (fraction = 0.75)","SAM","size selection (size = 500)","elastic net"
"model_463","mad (fraction = 0.75)","FC + P","size selection (size = 5)","lda"
"model_464","mad (fraction = 0.75)","FC + P","size selection (size = 5)","random forest"
"model_465","mad (fraction = 0.75)","FC + P","size selection (size = 5)","naive bayes"
"model_466","mad (fraction = 0.75)","FC + P","size selection (size = 5)","knn"
"model_467","mad (fraction = 0.75)","FC + P","size selection (size = 5)","svm"
"model_468","mad (fraction = 0.75)","FC + P","size selection (size = 5)","weighted voting"
"model_469","mad (fraction = 0.75)","FC + P","size selection (size = 5)","elastic net"
"model_470","mad (fraction = 0.75)","FC + P","size selection (size = 25)","lda"
"model_471","mad (fraction = 0.75)","FC + P","size selection (size = 25)","random forest"
"model_472","mad (fraction = 0.75)","FC + P","size selection (size = 25)","naive bayes"
"model_473","mad (fraction = 0.75)","FC + P","size selection (size = 25)","knn"
"model_474","mad (fraction = 0.75)","FC + P","size selection (size = 25)","svm"
"model_475","mad (fraction = 0.75)","FC + P","size selection (size = 25)","weighted voting"
"model_476","mad (fraction = 0.75)","FC + P","size selection (size = 25)","elastic net"
"model_477","mad (fraction = 0.75)","FC + P","size selection (size = 50)","lda"
"model_478","mad (fraction = 0.75)","FC + P","size selection (size = 50)","random forest"
"model_479","mad (fraction = 0.75)","FC + P","size selection (size = 50)","naive bayes"
"model_480","mad (fraction = 0.75)","FC + P","size selection (size = 50)","knn"
"model_481","mad (fraction = 0.75)","FC + P","size selection (size = 50)","svm"
"model_482","mad (fraction = 0.75)","FC + P","size selection (size = 50)","weighted voting"
"model_483","mad (fraction = 0.75)","FC + P","size selection (size = 50)","elastic net"
"model_484","mad (fraction = 0.75)","FC + P","size selection (size = 100)","lda"
"model_485","mad (fraction = 0.75)","FC + P","size selection (size = 100)","random forest"
"model_486","mad (fraction = 0.75)","FC + P","size selection (size = 100)","naive bayes"
"model_487","mad (fraction = 0.75)","FC + P","size selection (size = 100)","knn"
"model_488","mad (fraction = 0.75)","FC + P","size selection (size = 100)","svm"
"model_489","mad (fraction = 0.75)","FC + P","size selection (size = 100)","weighted voting"
"model_490","mad (fraction = 0.75)","FC + P","size selection (size = 100)","elastic net"
"model_491","mad (fraction = 0.75)","FC + P","size selection (size = 200)","lda"
"model_492","mad (fraction = 0.75)","FC + P","size selection (size = 200)","random forest"
"model_493","mad (fraction = 0.75)","FC + P","size selection (size = 200)","naive bayes"
"model_494","mad (fraction = 0.75)","FC + P","size selection (size = 200)","knn"
"model_495","mad (fraction = 0.75)","FC + P","size selection (size = 200)","svm"
"model_496","mad (fraction = 0.75)","FC + P","size selection (size = 200)","weighted voting"
"model_497","mad (fraction = 0.75)","FC + P","size selection (size = 200)","elastic net"
"model_498","mad (fraction = 0.75)","FC + P","size selection (size = 500)","lda"
"model_499","mad (fraction = 0.75)","FC + P","size selection (size = 500)","random forest"
"model_500","mad (fraction = 0.75)","FC + P","size selection (size = 500)","naive bayes"
"model_501","mad (fraction = 0.75)","FC + P","size selection (size = 500)","knn"
"model_502","mad (fraction = 0.75)","FC + P","size selection (size = 500)","svm"
"model_503","mad (fraction = 0.75)","FC + P","size selection (size = 500)","weighted voting"
"model_504","mad (fraction = 0.75)","FC + P","size selection (size = 500)","elastic net"
"model_505","mad (fraction = 0.75)","t-test","size selection (size = 5)","lda"
"model_506","mad (fraction = 0.75)","t-test","size selection (size = 5)","random forest"
"model_507","mad (fraction = 0.75)","t-test","size selection (size = 5)","naive bayes"
"model_508","mad (fraction = 0.75)","t-test","size selection (size = 5)","knn"
"model_509","mad (fraction = 0.75)","t-test","size selection (size = 5)","svm"
"model_510","mad (fraction = 0.75)","t-test","size selection (size = 5)","weighted voting"
"model_511","mad (fraction = 0.75)","t-test","size selection (size = 5)","elastic net"
"model_512","mad (fraction = 0.75)","t-test","size selection (size = 25)","lda"
"model_513","mad (fraction = 0.75)","t-test","size selection (size = 25)","random forest"
"model_514","mad (fraction = 0.75)","t-test","size selection (size = 25)","naive bayes"
"model_515","mad (fraction = 0.75)","t-test","size selection (size = 25)","knn"
"model_516","mad (fraction = 0.75)","t-test","size selection (size = 25)","svm"
"model_517","mad (fraction = 0.75)","t-test","size selection (size = 25)","weighted voting"
"model_518","mad (fraction = 0.75)","t-test","size selection (size = 25)","elastic net"
"model_519","mad (fraction = 0.75)","t-test","size selection (size = 50)","lda"
"model_520","mad (fraction = 0.75)","t-test","size selection (size = 50)","random forest"
"model_521","mad (fraction = 0.75)","t-test","size selection (size = 50)","naive bayes"
"model_522","mad (fraction = 0.75)","t-test","size selection (size = 50)","knn"
"model_523","mad (fraction = 0.75)","t-test","size selection (size = 50)","svm"
"model_524","mad (fraction = 0.75)","t-test","size selection (size = 50)","weighted voting"
"model_525","mad (fraction = 0.75)","t-test","size selection (size = 50)","elastic net"
"model_526","mad (fraction = 0.75)","t-test","size selection (size = 100)","lda"
"model_527","mad (fraction = 0.75)","t-test","size selection (size = 100)","random forest"
"model_528","mad (fraction = 0.75)","t-test","size selection (size = 100)","naive bayes"
"model_529","mad (fraction = 0.75)","t-test","size selection (size = 100)","knn"
"model_530","mad (fraction = 0.75)","t-test","size selection (size = 100)","svm"
"model_531","mad (fraction = 0.75)","t-test","size selection (size = 100)","weighted voting"
"model_532","mad (fraction = 0.75)","t-test","size selection (size = 100)","elastic net"
"model_533","mad (fraction = 0.75)","t-test","size selection (size = 200)","lda"
"model_534","mad (fraction = 0.75)","t-test","size selection (size = 200)","random forest"
"model_535","mad (fraction = 0.75)","t-test","size selection (size = 200)","naive bayes"
"model_536","mad (fraction = 0.75)","t-test","size selection (size = 200)","knn"
"model_537","mad (fraction = 0.75)","t-test","size selection (size = 200)","svm"
"model_538","mad (fraction = 0.75)","t-test","size selection (size = 200)","weighted voting"
"model_539","mad (fraction = 0.75)","t-test","size selection (size = 200)","elastic net"
"model_540","mad (fraction = 0.75)","t-test","size selection (size = 500)","lda"
"model_541","mad (fraction = 0.75)","t-test","size selection (size = 500)","random forest"
"model_542","mad (fraction = 0.75)","t-test","size selection (size = 500)","naive bayes"
"model_543","mad (fraction = 0.75)","t-test","size selection (size = 500)","knn"
"model_544","mad (fraction = 0.75)","t-test","size selection (size = 500)","svm"
"model_545","mad (fraction = 0.75)","t-test","size selection (size = 500)","weighted voting"
"model_546","mad (fraction = 0.75)","t-test","size selection (size = 500)","elastic net"
"model_547","mad (fraction = 0.75)","pAUC","size selection (size = 5)","lda"
"model_548","mad (fraction = 0.75)","pAUC","size selection (size = 5)","random forest"
"model_549","mad (fraction = 0.75)","pAUC","size selection (size = 5)","naive bayes"
"model_550","mad (fraction = 0.75)","pAUC","size selection (size = 5)","knn"
"model_551","mad (fraction = 0.75)","pAUC","size selection (size = 5)","svm"
"model_552","mad (fraction = 0.75)","pAUC","size selection (size = 5)","weighted voting"
"model_553","mad (fraction = 0.75)","pAUC","size selection (size = 5)","elastic net"
"model_554","mad (fraction = 0.75)","pAUC","size selection (size = 25)","lda"
"model_555","mad (fraction = 0.75)","pAUC","size selection (size = 25)","random forest"
"model_556","mad (fraction = 0.75)","pAUC","size selection (size = 25)","naive bayes"
"model_557","mad (fraction = 0.75)","pAUC","size selection (size = 25)","knn"
"model_558","mad (fraction = 0.75)","pAUC","size selection (size = 25)","svm"
"model_559","mad (fraction = 0.75)","pAUC","size selection (size = 25)","weighted voting"
"model_560","mad (fraction = 0.75)","pAUC","size selection (size = 25)","elastic net"
"model_561","mad (fraction = 0.75)","pAUC","size selection (size = 50)","lda"
"model_562","mad (fraction = 0.75)","pAUC","size selection (size = 50)","random forest"
"model_563","mad (fraction = 0.75)","pAUC","size selection (size = 50)","naive bayes"
"model_564","mad (fraction = 0.75)","pAUC","size selection (size = 50)","knn"
"model_565","mad (fraction = 0.75)","pAUC","size selection (size = 50)","svm"
"model_566","mad (fraction = 0.75)","pAUC","size selection (size = 50)","weighted voting"
"model_567","mad (fraction = 0.75)","pAUC","size selection (size = 50)","elastic net"
"model_568","mad (fraction = 0.75)","pAUC","size selection (size = 100)","lda"
"model_569","mad (fraction = 0.75)","pAUC","size selection (size = 100)","random forest"
"model_570","mad (fraction = 0.75)","pAUC","size selection (size = 100)","naive bayes"
"model_571","mad (fraction = 0.75)","pAUC","size selection (size = 100)","knn"
"model_572","mad (fraction = 0.75)","pAUC","size selection (size = 100)","svm"
"model_573","mad (fraction = 0.75)","pAUC","size selection (size = 100)","weighted voting"
"model_574","mad (fraction = 0.75)","pAUC","size selection (size = 100)","elastic net"
"model_575","mad (fraction = 0.75)","pAUC","size selection (size = 200)","lda"
"model_576","mad (fraction = 0.75)","pAUC","size selection (size = 200)","random forest"
"model_577","mad (fraction = 0.75)","pAUC","size selection (size = 200)","naive bayes"
"model_578","mad (fraction = 0.75)","pAUC","size selection (size = 200)","knn"
"model_579","mad (fraction = 0.75)","pAUC","size selection (size = 200)","svm"
"model_580","mad (fraction = 0.75)","pAUC","size selection (size = 200)","weighted voting"
"model_581","mad (fraction = 0.75)","pAUC","size selection (size = 200)","elastic net"
"model_582","mad (fraction = 0.75)","pAUC","size selection (size = 500)","lda"
"model_583","mad (fraction = 0.75)","pAUC","size selection (size = 500)","random forest"
"model_584","mad (fraction = 0.75)","pAUC","size selection (size = 500)","naive bayes"
"model_585","mad (fraction = 0.75)","pAUC","size selection (size = 500)","knn"
"model_586","mad (fraction = 0.75)","pAUC","size selection (size = 500)","svm"
"model_587","mad (fraction = 0.75)","pAUC","size selection (size = 500)","weighted voting"
"model_588","mad (fraction = 0.75)","pAUC","size selection (size = 500)","elastic net"
"model_589","mad (fraction = 0.75)","signal-to-noise","size selection (size = 5)","lda"
"model_590","mad (fraction = 0.75)","signal-to-noise","size selection (size = 5)","random forest"
"model_591","mad (fraction = 0.75)","signal-to-noise","size selection (size = 5)","naive bayes"
"model_592","mad (fraction = 0.75)","signal-to-noise","size selection (size = 5)","knn"
"model_593","mad (fraction = 0.75)","signal-to-noise","size selection (size = 5)","svm"
"model_594","mad (fraction = 0.75)","signal-to-noise","size selection (size = 5)","weighted voting"
"model_595","mad (fraction = 0.75)","signal-to-noise","size selection (size = 5)","elastic net"
"model_596","mad (fraction = 0.75)","signal-to-noise","size selection (size = 25)","lda"
"model_597","mad (fraction = 0.75)","signal-to-noise","size selection (size = 25)","random forest"
"model_598","mad (fraction = 0.75)","signal-to-noise","size selection (size = 25)","naive bayes"
"model_599","mad (fraction = 0.75)","signal-to-noise","size selection (size = 25)","knn"
"model_600","mad (fraction = 0.75)","signal-to-noise","size selection (size = 25)","svm"
"model_601","mad (fraction = 0.75)","signal-to-noise","size selection (size = 25)","weighted voting"
"model_602","mad (fraction = 0.75)","signal-to-noise","size selection (size = 25)","elastic net"
"model_603","mad (fraction = 0.75)","signal-to-noise","size selection (size = 50)","lda"
"model_604","mad (fraction = 0.75)","signal-to-noise","size selection (size = 50)","random forest"
"model_605","mad (fraction = 0.75)","signal-to-noise","size selection (size = 50)","naive bayes"
"model_606","mad (fraction = 0.75)","signal-to-noise","size selection (size = 50)","knn"
"model_607","mad (fraction = 0.75)","signal-to-noise","size selection (size = 50)","svm"
"model_608","mad (fraction = 0.75)","signal-to-noise","size selection (size = 50)","weighted voting"
"model_609","mad (fraction = 0.75)","signal-to-noise","size selection (size = 50)","elastic net"
"model_610","mad (fraction = 0.75)","signal-to-noise","size selection (size = 100)","lda"
"model_611","mad (fraction = 0.75)","signal-to-noise","size selection (size = 100)","random forest"
"model_612","mad (fraction = 0.75)","signal-to-noise","size selection (size = 100)","naive bayes"
"model_613","mad (fraction = 0.75)","signal-to-noise","size selection (size = 100)","knn"
"model_614","mad (fraction = 0.75)","signal-to-noise","size selection (size = 100)","svm"
"model_615","mad (fraction = 0.75)","signal-to-noise","size selection (size = 100)","weighted voting"
"model_616","mad (fraction = 0.75)","signal-to-noise","size selection (size = 100)","elastic net"
"model_617","mad (fraction = 0.75)","signal-to-noise","size selection (size = 200)","lda"
"model_618","mad (fraction = 0.75)","signal-to-noise","size selection (size = 200)","random forest"
"model_619","mad (fraction = 0.75)","signal-to-noise","size selection (size = 200)","naive bayes"
"model_620","mad (fraction = 0.75)","signal-to-noise","size selection (size = 200)","knn"
"model_621","mad (fraction = 0.75)","signal-to-noise","size selection (size = 200)","svm"
"model_622","mad (fraction = 0.75)","signal-to-noise","size selection (size = 200)","weighted voting"
"model_623","mad (fraction = 0.75)","signal-to-noise","size selection (size = 200)","elastic net"
"model_624","mad (fraction = 0.75)","signal-to-noise","size selection (size = 500)","lda"
"model_625","mad (fraction = 0.75)","signal-to-noise","size selection (size = 500)","random forest"
"model_626","mad (fraction = 0.75)","signal-to-noise","size selection (size = 500)","naive bayes"
"model_627","mad (fraction = 0.75)","signal-to-noise","size selection (size = 500)","knn"
"model_628","mad (fraction = 0.75)","signal-to-noise","size selection (size = 500)","svm"
"model_629","mad (fraction = 0.75)","signal-to-noise","size selection (size = 500)","weighted voting"
"model_630","mad (fraction = 0.75)","signal-to-noise","size selection (size = 500)","elastic net"
"model_631","mean-expression","SAM","size selection (size = 5)","lda"
"model_632","mean-expression","SAM","size selection (size = 5)","random forest"
"model_633","mean-expression","SAM","size selection (size = 5)","naive bayes"
"model_634","mean-expression","SAM","size selection (size = 5)","knn"
"model_635","mean-expression","SAM","size selection (size = 5)","svm"
"model_636","mean-expression","SAM","size selection (size = 5)","weighted voting"
"model_637","mean-expression","SAM","size selection (size = 5)","elastic net"
"model_638","mean-expression","SAM","size selection (size = 25)","lda"
"model_639","mean-expression","SAM","size selection (size = 25)","random forest"
"model_640","mean-expression","SAM","size selection (size = 25)","naive bayes"
"model_641","mean-expression","SAM","size selection (size = 25)","knn"
"model_642","mean-expression","SAM","size selection (size = 25)","svm"
"model_643","mean-expression","SAM","size selection (size = 25)","weighted voting"
"model_644","mean-expression","SAM","size selection (size = 25)","elastic net"
"model_645","mean-expression","SAM","size selection (size = 50)","lda"
"model_646","mean-expression","SAM","size selection (size = 50)","random forest"
"model_647","mean-expression","SAM","size selection (size = 50)","naive bayes"
"model_648","mean-expression","SAM","size selection (size = 50)","knn"
"model_649","mean-expression","SAM","size selection (size = 50)","svm"
"model_650","mean-expression","SAM","size selection (size = 50)","weighted voting"
"model_651","mean-expression","SAM","size selection (size = 50)","elastic net"
"model_652","mean-expression","SAM","size selection (size = 100)","lda"
"model_653","mean-expression","SAM","size selection (size = 100)","random forest"
"model_654","mean-expression","SAM","size selection (size = 100)","naive bayes"
"model_655","mean-expression","SAM","size selection (size = 100)","knn"
"model_656","mean-expression","SAM","size selection (size = 100)","svm"
"model_657","mean-expression","SAM","size selection (size = 100)","weighted voting"
"model_658","mean-expression","SAM","size selection (size = 100)","elastic net"
"model_659","mean-expression","SAM","size selection (size = 200)","lda"
"model_660","mean-expression","SAM","size selection (size = 200)","random forest"
"model_661","mean-expression","SAM","size selection (size = 200)","naive bayes"
"model_662","mean-expression","SAM","size selection (size = 200)","knn"
"model_663","mean-expression","SAM","size selection (size = 200)","svm"
"model_664","mean-expression","SAM","size selection (size = 200)","weighted voting"
"model_665","mean-expression","SAM","size selection (size = 200)","elastic net"
"model_666","mean-expression","SAM","size selection (size = 500)","lda"
"model_667","mean-expression","SAM","size selection (size = 500)","random forest"
"model_668","mean-expression","SAM","size selection (size = 500)","naive bayes"
"model_669","mean-expression","SAM","size selection (size = 500)","knn"
"model_670","mean-expression","SAM","size selection (size = 500)","svm"
"model_671","mean-expression","SAM","size selection (size = 500)","weighted voting"
"model_672","mean-expression","SAM","size selection (size = 500)","elastic net"
"model_673","mean-expression","FC + P","size selection (size = 5)","lda"
"model_674","mean-expression","FC + P","size selection (size = 5)","random forest"
"model_675","mean-expression","FC + P","size selection (size = 5)","naive bayes"
"model_676","mean-expression","FC + P","size selection (size = 5)","knn"
"model_677","mean-expression","FC + P","size selection (size = 5)","svm"
"model_678","mean-expression","FC + P","size selection (size = 5)","weighted voting"
"model_679","mean-expression","FC + P","size selection (size = 5)","elastic net"
"model_680","mean-expression","FC + P","size selection (size = 25)","lda"
"model_681","mean-expression","FC + P","size selection (size = 25)","random forest"
"model_682","mean-expression","FC + P","size selection (size = 25)","naive bayes"
"model_683","mean-expression","FC + P","size selection (size = 25)","knn"
"model_684","mean-expression","FC + P","size selection (size = 25)","svm"
"model_685","mean-expression","FC + P","size selection (size = 25)","weighted voting"
"model_686","mean-expression","FC + P","size selection (size = 25)","elastic net"
"model_687","mean-expression","FC + P","size selection (size = 50)","lda"
"model_688","mean-expression","FC + P","size selection (size = 50)","random forest"
"model_689","mean-expression","FC + P","size selection (size = 50)","naive bayes"
"model_690","mean-expression","FC + P","size selection (size = 50)","knn"
"model_691","mean-expression","FC + P","size selection (size = 50)","svm"
"model_692","mean-expression","FC + P","size selection (size = 50)","weighted voting"
"model_693","mean-expression","FC + P","size selection (size = 50)","elastic net"
"model_694","mean-expression","FC + P","size selection (size = 100)","lda"
"model_695","mean-expression","FC + P","size selection (size = 100)","random forest"
"model_696","mean-expression","FC + P","size selection (size = 100)","naive bayes"
"model_697","mean-expression","FC + P","size selection (size = 100)","knn"
"model_698","mean-expression","FC + P","size selection (size = 100)","svm"
"model_699","mean-expression","FC + P","size selection (size = 100)","weighted voting"
"model_700","mean-expression","FC + P","size selection (size = 100)","elastic net"
"model_701","mean-expression","FC + P","size selection (size = 200)","lda"
"model_702","mean-expression","FC + P","size selection (size = 200)","random forest"
"model_703","mean-expression","FC + P","size selection (size = 200)","naive bayes"
"model_704","mean-expression","FC + P","size selection (size = 200)","knn"
"model_705","mean-expression","FC + P","size selection (size = 200)","svm"
"model_706","mean-expression","FC + P","size selection (size = 200)","weighted voting"
"model_707","mean-expression","FC + P","size selection (size = 200)","elastic net"
"model_708","mean-expression","FC + P","size selection (size = 500)","lda"
"model_709","mean-expression","FC + P","size selection (size = 500)","random forest"
"model_710","mean-expression","FC + P","size selection (size = 500)","naive bayes"
"model_711","mean-expression","FC + P","size selection (size = 500)","knn"
"model_712","mean-expression","FC + P","size selection (size = 500)","svm"
"model_713","mean-expression","FC + P","size selection (size = 500)","weighted voting"
"model_714","mean-expression","FC + P","size selection (size = 500)","elastic net"
"model_715","mean-expression","t-test","size selection (size = 5)","lda"
"model_716","mean-expression","t-test","size selection (size = 5)","random forest"
"model_717","mean-expression","t-test","size selection (size = 5)","naive bayes"
"model_718","mean-expression","t-test","size selection (size = 5)","knn"
"model_719","mean-expression","t-test","size selection (size = 5)","svm"
"model_720","mean-expression","t-test","size selection (size = 5)","weighted voting"
"model_721","mean-expression","t-test","size selection (size = 5)","elastic net"
"model_722","mean-expression","t-test","size selection (size = 25)","lda"
"model_723","mean-expression","t-test","size selection (size = 25)","random forest"
"model_724","mean-expression","t-test","size selection (size = 25)","naive bayes"
"model_725","mean-expression","t-test","size selection (size = 25)","knn"
"model_726","mean-expression","t-test","size selection (size = 25)","svm"
"model_727","mean-expression","t-test","size selection (size = 25)","weighted voting"
"model_728","mean-expression","t-test","size selection (size = 25)","elastic net"
"model_729","mean-expression","t-test","size selection (size = 50)","lda"
"model_730","mean-expression","t-test","size selection (size = 50)","random forest"
"model_731","mean-expression","t-test","size selection (size = 50)","naive bayes"
"model_732","mean-expression","t-test","size selection (size = 50)","knn"
"model_733","mean-expression","t-test","size selection (size = 50)","svm"
"model_734","mean-expression","t-test","size selection (size = 50)","weighted voting"
"model_735","mean-expression","t-test","size selection (size = 50)","elastic net"
"model_736","mean-expression","t-test","size selection (size = 100)","lda"
"model_737","mean-expression","t-test","size selection (size = 100)","random forest"
"model_738","mean-expression","t-test","size selection (size = 100)","naive bayes"
"model_739","mean-expression","t-test","size selection (size = 100)","knn"
"model_740","mean-expression","t-test","size selection (size = 100)","svm"
"model_741","mean-expression","t-test","size selection (size = 100)","weighted voting"
"model_742","mean-expression","t-test","size selection (size = 100)","elastic net"
"model_743","mean-expression","t-test","size selection (size = 200)","lda"
"model_744","mean-expression","t-test","size selection (size = 200)","random forest"
"model_745","mean-expression","t-test","size selection (size = 200)","naive bayes"
"model_746","mean-expression","t-test","size selection (size = 200)","knn"
"model_747","mean-expression","t-test","size selection (size = 200)","svm"
"model_748","mean-expression","t-test","size selection (size = 200)","weighted voting"
"model_749","mean-expression","t-test","size selection (size = 200)","elastic net"
"model_750","mean-expression","t-test","size selection (size = 500)","lda"
"model_751","mean-expression","t-test","size selection (size = 500)","random forest"
"model_752","mean-expression","t-test","size selection (size = 500)","naive bayes"
"model_753","mean-expression","t-test","size selection (size = 500)","knn"
"model_754","mean-expression","t-test","size selection (size = 500)","svm"
"model_755","mean-expression","t-test","size selection (size = 500)","weighted voting"
"model_756","mean-expression","t-test","size selection (size = 500)","elastic net"
"model_757","mean-expression","pAUC","size selection (size = 5)","lda"
"model_758","mean-expression","pAUC","size selection (size = 5)","random forest"
"model_759","mean-expression","pAUC","size selection (size = 5)","naive bayes"
"model_760","mean-expression","pAUC","size selection (size = 5)","knn"
"model_761","mean-expression","pAUC","size selection (size = 5)","svm"
"model_762","mean-expression","pAUC","size selection (size = 5)","weighted voting"
"model_763","mean-expression","pAUC","size selection (size = 5)","elastic net"
"model_764","mean-expression","pAUC","size selection (size = 25)","lda"
"model_765","mean-expression","pAUC","size selection (size = 25)","random forest"
"model_766","mean-expression","pAUC","size selection (size = 25)","naive bayes"
"model_767","mean-expression","pAUC","size selection (size = 25)","knn"
"model_768","mean-expression","pAUC","size selection (size = 25)","svm"
"model_769","mean-expression","pAUC","size selection (size = 25)","weighted voting"
"model_770","mean-expression","pAUC","size selection (size = 25)","elastic net"
"model_771","mean-expression","pAUC","size selection (size = 50)","lda"
"model_772","mean-expression","pAUC","size selection (size = 50)","random forest"
"model_773","mean-expression","pAUC","size selection (size = 50)","naive bayes"
"model_774","mean-expression","pAUC","size selection (size = 50)","knn"
"model_775","mean-expression","pAUC","size selection (size = 50)","svm"
"model_776","mean-expression","pAUC","size selection (size = 50)","weighted voting"
"model_777","mean-expression","pAUC","size selection (size = 50)","elastic net"
"model_778","mean-expression","pAUC","size selection (size = 100)","lda"
"model_779","mean-expression","pAUC","size selection (size = 100)","random forest"
"model_780","mean-expression","pAUC","size selection (size = 100)","naive bayes"
"model_781","mean-expression","pAUC","size selection (size = 100)","knn"
"model_782","mean-expression","pAUC","size selection (size = 100)","svm"
"model_783","mean-expression","pAUC","size selection (size = 100)","weighted voting"
"model_784","mean-expression","pAUC","size selection (size = 100)","elastic net"
"model_785","mean-expression","pAUC","size selection (size = 200)","lda"
"model_786","mean-expression","pAUC","size selection (size = 200)","random forest"
"model_787","mean-expression","pAUC","size selection (size = 200)","naive bayes"
"model_788","mean-expression","pAUC","size selection (size = 200)","knn"
"model_789","mean-expression","pAUC","size selection (size = 200)","svm"
"model_790","mean-expression","pAUC","size selection (size = 200)","weighted voting"
"model_791","mean-expression","pAUC","size selection (size = 200)","elastic net"
"model_792","mean-expression","pAUC","size selection (size = 500)","lda"
"model_793","mean-expression","pAUC","size selection (size = 500)","random forest"
"model_794","mean-expression","pAUC","size selection (size = 500)","naive bayes"
"model_795","mean-expression","pAUC","size selection (size = 500)","knn"
"model_796","mean-expression","pAUC","size selection (size = 500)","svm"
"model_797","mean-expression","pAUC","size selection (size = 500)","weighted voting"
"model_798","mean-expression","pAUC","size selection (size = 500)","elastic net"
"model_799","mean-expression","signal-to-noise","size selection (size = 5)","lda"
"model_800","mean-expression","signal-to-noise","size selection (size = 5)","random forest"
"model_801","mean-expression","signal-to-noise","size selection (size = 5)","naive bayes"
"model_802","mean-expression","signal-to-noise","size selection (size = 5)","knn"
"model_803","mean-expression","signal-to-noise","size selection (size = 5)","svm"
"model_804","mean-expression","signal-to-noise","size selection (size = 5)","weighted voting"
"model_805","mean-expression","signal-to-noise","size selection (size = 5)","elastic net"
"model_806","mean-expression","signal-to-noise","size selection (size = 25)","lda"
"model_807","mean-expression","signal-to-noise","size selection (size = 25)","random forest"
"model_808","mean-expression","signal-to-noise","size selection (size = 25)","naive bayes"
"model_809","mean-expression","signal-to-noise","size selection (size = 25)","knn"
"model_810","mean-expression","signal-to-noise","size selection (size = 25)","svm"
"model_811","mean-expression","signal-to-noise","size selection (size = 25)","weighted voting"
"model_812","mean-expression","signal-to-noise","size selection (size = 25)","elastic net"
"model_813","mean-expression","signal-to-noise","size selection (size = 50)","lda"
"model_814","mean-expression","signal-to-noise","size selection (size = 50)","random forest"
"model_815","mean-expression","signal-to-noise","size selection (size = 50)","naive bayes"
"model_816","mean-expression","signal-to-noise","size selection (size = 50)","knn"
"model_817","mean-expression","signal-to-noise","size selection (size = 50)","svm"
"model_818","mean-expression","signal-to-noise","size selection (size = 50)","weighted voting"
"model_819","mean-expression","signal-to-noise","size selection (size = 50)","elastic net"
"model_820","mean-expression","signal-to-noise","size selection (size = 100)","lda"
"model_821","mean-expression","signal-to-noise","size selection (size = 100)","random forest"
"model_822","mean-expression","signal-to-noise","size selection (size = 100)","naive bayes"
"model_823","mean-expression","signal-to-noise","size selection (size = 100)","knn"
"model_824","mean-expression","signal-to-noise","size selection (size = 100)","svm"
"model_825","mean-expression","signal-to-noise","size selection (size = 100)","weighted voting"
"model_826","mean-expression","signal-to-noise","size selection (size = 100)","elastic net"
"model_827","mean-expression","signal-to-noise","size selection (size = 200)","lda"
"model_828","mean-expression","signal-to-noise","size selection (size = 200)","random forest"
"model_829","mean-expression","signal-to-noise","size selection (size = 200)","naive bayes"
"model_830","mean-expression","signal-to-noise","size selection (size = 200)","knn"
"model_831","mean-expression","signal-to-noise","size selection (size = 200)","svm"
"model_832","mean-expression","signal-to-noise","size selection (size = 200)","weighted voting"
"model_833","mean-expression","signal-to-noise","size selection (size = 200)","elastic net"
"model_834","mean-expression","signal-to-noise","size selection (size = 500)","lda"
"model_835","mean-expression","signal-to-noise","size selection (size = 500)","random forest"
"model_836","mean-expression","signal-to-noise","size selection (size = 500)","naive bayes"
"model_837","mean-expression","signal-to-noise","size selection (size = 500)","knn"
"model_838","mean-expression","signal-to-noise","size selection (size = 500)","svm"
"model_839","mean-expression","signal-to-noise","size selection (size = 500)","weighted voting"
"model_840","mean-expression","signal-to-noise","size selection (size = 500)","elastic net"
